sitios,Raja radiata,Raja naevus,Raja undulata,Raja clavata,Raja microocellata,Raja brachyura,Raja montagui,Torpedo marmorata,Torpedo nobiliana,Squalus acanthias,Scyliorhinus canicula,Scyliorhinus stellaris,Mustelus mustelus,Mustelus asterias,Galeorhinus galeus,Anguilla anguilla,Conger conger,Gadus morhua,Melanogrammus aeglefinus,Merlangius merlangus,Trisopterus minutus,Trisopterus luscus,Pollachius pollachius,Molva molva,Ciliata mustela,Rhinonemus cimbrius,Gaidropsarus mediterraneus,Gaidropsarus vulgaris,Raniceps raninus,Merluccius merluccius,Coryphaenoides rupestris,Lophius piscatorius,Gasterosteus aculeatus,Syngnathus acus,Syngnathus rostellatus,Entelurus aequoreus,Hippocampus ramulosus,Hippocampus hippocampus,Capros aper,Spondyliosoma cantharus,Mullus surmuletus,Cepola rubescens,Dicentrarchus labrax,Labrus mixtus,Labrus bergylta,Centrolabrus exoletus,Ctenolabrus rupestris,Crenilabrus melops,Zoarces viviparus,Pholis gunnellus,Chirolophis ascanii,Lumpenus lumpretaeformis,Echiichthys vipera,Trachinus draco,Blennius ocellaris,Parablennius gattorugine,Diplecogaster bimaculata,Perciformes sp,Gobius paganellus,Gobius niger,Gobius gasteveni,Lesueurigobius friesii,Solea solea,Buglossidium luteum,Solea lascaris,Microchirus variegatus,Pleuronectes platessa,Platichthys flesus,Limanda limanda,Microstomus kitt,Glyptocephalus cynoglossus,Hippoglossoides platessoides,Hippoglossus hippoglossus,Scophthalmus rhombus,Scophthalmus maximus,Lepidorhombus whiffiagonis,Phrynorhombus regius,Phrynorhombus norvegicus,Zeugopterus punctatus,Arnoglossus laterna,Arnoglossus imperialis,Trigla lucerna,Aspitrigla cuculus,Eutrigla gurnardus,Trigloporus lastoviza,Myxocephalus scorpius,Taurulus bubalis,Agonus cataphractus,Cyclopterus lumpus,Liparis liparis,Zeus faber,Mola mola,Chelon labrosus,zona
S1,0,0,0,0,0,0,0,0,0,0,2,0,0,0,0,0,0,1,0,20.25,2,8,0,0,0,1.5,0,0,0,0,0,0,0,0,0,0,0,0,0,0,5,0,0,0,0,0,0,0,0,0,0,0,104,0,0,0,0,17.3333,0,0,0,0,9.375,26.5,0,0,25,0,154.5,0,0,0,0,1,1,0,0,0,0,20.6667,0,12,0,1,0,0,0,4.66667,0,0,0,0,0,East Central North Sea
S2,0,0,0,0,0,0,0,0,0,0,0.5,0,0,0,0.5,0,0,2,0,111.45,2,1,0,0,0,12.6,0,0,0,0,0,0,0,0,0,0,0,0,0,0,0,0,0,0,0,0,0,0,0,0,0,0,20.4,0,0,0,0,45.5,0,0,0,0,26.1,107.9,0,0,101.9,0,443.5,1,0,0,0,1,1.16667,0,0,0,0,67.4444,0,3,0,7.125,0,0,0,10.1429,0,0,0,0,0,East Central North Sea
S3,0,0,0,0,0,0,0,0,0,0,0,0,0,0,0,0,0,0.5,0,16,0,0,0,0,0,0,0,0,0,0,0,0,0,0,0,0,0,0,0,0,0,0,0,0,0,0,0,0,0,0,0,0,16.6667,0,0,0,0,40.4,0,0,0,0,87,229.2,0,0,515,7,415.2,0,0,0,0,2.5,2.7,0,0,0,0,45,0,8,0,7,0,0,0,0,0,0,0,0,0,East Central North Sea
S4,0,0,0,0,0,0,0,0,0,0,0,0,0,0,0,1,0,1.5,0,12.25,1,1,0,0,0,0,0,0,0,0,0,0,0,0,0,0,0,0,0,0,12.5,0,0,0,0,0,0,0,0,0,0,0,16,0,0,0,0,177.833,0,0,0,0,45.5833,292.8,0,0,806.833,0,393.833,0,0,0,0,2.75,5.08333,0,0,0,0,87.6667,0,13.5,0,67.5,0,1,0,171.333,0,0,0,0,0,East Central North Sea
S5,0,0,0,0,0,0,0,0,0,0,0,0,0,0,0,0,0,0,0,34.6,1,2,0,0,0,5,0,0,0,0,0,0,0,0,0,0,0,0,0,0,0,0,0,0,0,0,0,0,0,0,0,0,36.5,0,0,0,0,76.4,0,0,0,0,22.9,122.6,0,0,95.75,0,299.4,1,0,0,0,0.75,0.8,0,0,0,0,39,0,1.66667,0,18.3333,0,0,0,3.25,0,0,0,0,0,East Central North Sea
S6,0,0,0,0,0,0,0,0,0,0,0,0,0,0,0,0,0,1.5,0,40.6667,0,1,0,0,0,0,0,0,0,0,0,0,0,0,0,0,0,0,0,0,0,0,0,0,0,0,0,0,0,0,0,0,6.57143,0,0,0,0,39.2222,0,0,0,0,19.875,175.25,0,0,120.375,0,326.125,0.5,0,0,0,0.9,0.9,0,0,0,0,49.875,0,3,0,20.5,0,0,0,22.1667,0,0,0,0,0,East Central North Sea
S7,0,0,0,0,0,0,0,0,0,0,0,0,0,0,1,0,0,3.25,0,15.3333,23,144.5,0,0,0,0,0,0,0,0,0,0,0,1,0,0,0,0,0,0,36,0,0,0,0,0,0,0,0,0,0,0,17.3333,0,0,0,0,224.667,0,0,0,0,63.8333,164.333,0,0,721.833,15.25,198.167,6.5,0,0,0,3.3,7.58333,0,0,0,0,64.5,0,13.6,0,33,0,1,0,180.2,0,0,0,0,0,East Central North Sea
S8,0,0,0,0,0,0,0,0,0,0,0,0,0,0,0,0,0,0,0,3.16667,0,66,0,0,0,0,0,0,0,0,0,0,0,0,0,0,0,0,0,0,0,0,0,0,0,0,0,0,0,0,0,0,25.6667,0,0,0,0,29.5,0,0,0,0,15.125,43,0,0,530.75,6.33333,127.25,0,0,0,0,5.5,18.5,0,0,0,0,146,0,17.5,0,0,0,1,0,48.3333,0,0,0,0,0,East Central North Sea
S9,0,0,0,0,0,0,0,0,0,0,0,0,0,0,0,0,0,0.5,0,39.5,1,7,0,0,0,0,0,0,0,0,0,0,0,0,0,0,0,0,0,0,0,0,0,0,0,0,0,0,0,0,0,0,80,0,0,0,0,97.2,0,0,0,0,14,109.4,0,0,67.2,0,395.6,4.66667,0,0,0,0.875,1.5,0,0,0,0,36,0,5.5,0,15.8,0,1,0,24.2,0,0,0,0,0,East Central North Sea
S10,0,0,0,0,0,0,0,0,0,0,0,0,0,0,2,0,0,6.2,0,8.25,18,14.5,0,0,0,0,0,0,0,0,0,0,0,0,0,0,0,0,0,0,9,0,0,0,0,0,0,0,0,0,0,0,52.1429,0,0,0,0,102,0,0,0,0,30.625,82.25,0,0,489.625,2.3,305.75,1.375,0,0,0,2.4,2.9375,0,0,0,0,68.75,0,23.75,0,20.8,0,2,0,121,0,0,0,0,0,East Central North Sea
S11,0,0,0,0,0,0,0,0,0,0,0,0,0,0,0.5,0,0,1.5,0,72.65,11,30,0,0,0,0,0,0,0,0,0,0,0,0,18,0,0,0,0,0,2,0,0,0,0,0,0,0,0,0,0,0,16,0,0,0,0,133.083,0,0,0,0,81.5833,352.545,0,0,867.25,8.66667,431.417,5,0,0,0,3.22222,6.625,0,0,0,0,126.083,0,19.8,0,19.6667,0,3.66667,0,104.583,0,0,0,0,0,East Central North Sea
S12,0,0,0,0,0,0,0,0,0,0,0,0,0,0,0,5.5,0,59.5,0,289.667,0,141,0,0,0,15,0,0,0,0,0,0,0,1,0,0,0,0,0,0,0,0,0,0,0,0,0,0,1,0,0,0,0,0,0,0,0,123.5,0,0,0,0,298,206,0,0,695,24.2,632.5,1,0,0,0,0.833333,2.41667,0,0,0,0,81.8,0,8.6,0,1,0,5,0,382.833,0,0,0,0,0,East Central North Sea
S13,0,0,0,0,0,0,0,0,0,0,0,0,0,0,0,0,0,1.66667,0,16.75,0,0,0,0,1,4,0,0,0,0,0,0,0,0,0,0,0,0,0,0,1,0,0,0,0,0,0,0,0,0,0,0,18,0,0,0,0,45,0,0,0,0,12.875,110,0,0,53.75,0,683.5,1.25,0,0,0,1,1,0,0,0,0,53.25,0,9.66667,0,35.5,0,0,0,12.25,0,0,0,0,0,East Central North Sea
S14,0,0,0,0,0,0,0,0,0,0,0,0,0,0,0,0,0,0.75,0,42.625,0,6,0,0,0,4,0,0,0,0,0,0,0,0,0,0,0,0,0,0,0,0,0,0,0,0,0,0,0,0,0,0,0,0,0,0,0,54.5,0,0,0,0,18,128,0,0,86,0,1038.75,1.25,0,0,0,0,1,0,0,0,0,60,0,6,0,16,0,0,0,12.6667,0,0,0,0,0,East Central North Sea
S15,0,0,0,0,0,0,0,0,0,0,0,0,0,0,0,2.16667,0,30.75,0,131.143,1,13,0,0,0,1,0,0,0,0,0,0,0,0,0,0,0,0,0,0,0,0,0,0,0,0,0,0,3,0,0,0,0,0,0,0,0,90,0,0,0,0,113.76,37.5,0,0,155.493,71.3142,452.701,68,0,0,0,0.75,2.13875,0,0,1,0,16.0737,0,2.33333,0,7.1885,0,3.5,0,56.8612,0,0,0,0,0,East Central North Sea
S16,0,0,0,0,0,0,0,0,0,0,0,0,0,0,0,0,0,26.7584,0.97125,47.2856,1,5.5,0,0,0,0,0,0,0,0,0,0,0,0,0,0,0,0,0,0,0,0,0,0,0,0,0,0,0,0,0,0,0,0,0,0,0,82.8534,0,0,0,0,12.922,60.1208,0,0,55.4821,0,709.932,2.63667,0,0,0,1.2,1.08333,0,0,0,0,32.3882,0,2.26875,0,44.2498,0,0,0,23.3598,0,0,0,0,0,East Central North Sea
S17,0,0,0,0,0,0,0,0,0,0,0,0,0,0,0,0,0,2.35453,0,77.566,0,0,0,0,0,0,0,0,0,0,0,0,2,0,0,0,0,0,0,0,23.8656,0,0,0,0,0,0,0,1,0,0,0,6,0,0,0,0,219.057,0,0,0,0,105.661,82.186,0,0,798.046,4.13729,953.208,14.5326,0,0,0,2.84104,4.40677,0,0,0,0,59.8925,0,13.9383,0,56.5412,0,105.679,0,66.7035,0,0,0,0,0,East Central North Sea
S18,0,0,0,0,0,0,0,0,0,0,0,0,0,0,0,2.91812,0,75.4795,0,49.8341,0,2.70906,0,0,0,0,0,0,0,0,0,0,69,0,0,0,0,0,0,0,0,0,0,0,0,0,0,0,12.75,0,0,0,0,0,0,0,0,423.3,0,0,0,0,162.68,59.0841,0,0,1229.29,88.8792,1500.75,35.8701,0,0,0,1.95609,1.375,0,0,0,0,79.056,0,14.5,0,8.75,0,71.4268,0,455.957,0,0,0,0,0,East Central North Sea
S19,0,0,0,0,0,0,0,0,0,0,0,0,0,0,0,0,0,10.4997,0,380.904,0,45.3608,0,0,0,0,0,0,0,0,0,0,0,0,0,0,0,0,0,0,6.65875,0,0,0,0,0,0,0,9.433,0,0,0,0,0,0,0,0,140.249,0,0,0,0,73.7997,119.822,0,0,454.67,22.6388,640.463,14,0,0,0,1,1.91667,0,0,0,0,18.9566,0,4.39323,0,14.6519,0,35.6666,0,165.171,0,0,0,0,0,East Central North Sea
S20,0,0,0,0,0,0,0,0,0,0,0,0,0,0,0,0,0,10.25,0,264.305,0,0,0,0,0,0,0,0,0,0,0,0,0,0,0,0,0,0,0,0,0.97125,0,0,0,0,0,0,0,0,0,0,0,1,0,0,0,0,95.3822,0,0,0,0,42.6424,95.5597,0,0,906.558,16.2225,1482.46,2.5,0,0,0,2.12141,1.91188,0,0,0,0,41.3714,0,10.2301,0,22.3836,0,22.2061,0,101.663,0,0,0,0,0,East Central North Sea
S21,0,0,0,0,0,0,0,0,0,0,0,0,0,0,0,0,0,0,0,144.6,0,1,0,0,0,0,0,0,0,0,0,0,0,0,0,0,0,0,0,0,0,0,0,0,0,0,0,0,0,0,0,0,1.88125,0,0,0,0,17.3721,0,0,0,0,15.5845,102.235,0,0,600.094,5.66667,2147.21,10,0,0,0,0.638929,1.61016,0,0,0,0,30.1448,0,12.3379,0,54.2426,0,5,0,13.2937,0,0,0,0,0,East Central North Sea
S22,0,0,0,0,0,0,0,0,0,0,0,0,0,0,0,0,0,0.5,0,12.3333,0,1,0,0,0,0,0,0,0,0,0,0,0,0,0,0,0,0,0,0,0,0,0,0,0,0,0,0,0.941875,0,0,0,0,0,0,0,0,72.3002,0,0,0,0,16.5863,42.444,0,0,828.549,1.26911,1772.12,4.66667,0,0,0,1.78571,2.07849,0,0,0,0,33.814,0,5.80427,0,61.354,0,7.34594,0,40.2429,0,0,0,0,0,East Central North Sea
S23,0,0,0,0,0,0,0,0,0,0,0,0,0,0,0,0,0,7.86062,0,357.027,0,0,0,0,0,0,0,0,0,0,0,0,0,0,0,0,0,0,0,0,3.32188,0,0,0,0,0,0,0,8.36063,0,0,0,0,0,0,0,0,41.7669,0,0,0,0,18.62,47.8042,0,0,680.669,20.5922,559.718,6.51771,0,0,0,3.55152,7.27406,0,0,0,0,12.7812,0,9.2617,0,7.07729,0,15.2101,0,123.413,0,0,0,0,0,East Central North Sea
S24,0,0,0,0,0,0,0,0,0,0,0,0,0,0,0,0,0,1.73563,3.98563,17.9591,0,0,0,0,0,1,0,0,0,0,0,0,0,0,0,0,0,0,0,0,0,0,0,0,0,0,0,0,0,0,0,0,0,0,0,0,0,23.125,0,0,0,0,0.97125,0.97125,0,0,72.2213,0,345.49,5.44469,0,0,0,0,1,0,0,0,0,12.8237,0,0,0,43.5192,0,0,0,0.97125,0,0,0,0,0,East Central North Sea
S25,0,0,0,0,0,0,0,0,0,0,0,0,0,0,0,0,0,0,0,14,0,0,0,0,0,0,0,0,0,0,0,0,0,0,0,0,0,0,0,0,0,0,0,0,0,0,0,0,0,0,0,0,6,0,0,0,0,46,0,0,0,0,7.125,36,0,0,138,0,569.5,0,0,4,0,1.16667,2,0,0,0,0,27,0,2.5,0,84.3333,0,0,0,10.5,0,0,0,0,0,East Central North Sea
S26,0,0,0,0,0,0,0,0,0,0,0,0,0,0,0,0,0,3.1792,0,14.5639,0.97125,0,0,0,0,0,0,0,0,0,0,0.97125,0,0,0,0,0,0,0,0,0,0,0,0,0,0,0,0,0,0,0,0,0,0,0,0,0,40.8712,0,0,0,0,15.501,41.2333,0,0,421.297,1,1094.63,8.30139,0,0,0,0.666667,1.20833,0,0,0,0,21.7421,0,6.7476,0,95.441,0,4.31417,0,36.4698,0,0,0,0,0,East Central North Sea
S27,0,0,0,0,0,0,0,0,0,0,1,0,0,0,0,0,0,3.98958,0,65.1191,0,0,0,0,0,0,0,0,0,0,0,0,0,0,0,0,0,0,0,0,0,0,0,0,0,0,0,0,11,0,0,0,0,0,0,0,0,49.5772,0,0,0,0,31.8468,49.2976,0,0,829.704,8.15677,1876.82,33.3644,0,0,0,2.10215,2.6863,0,0,0,0,27.2515,0,7.3137,0,83.4159,0,16.0202,0,177.846,0,0,0,0,0,East Central North Sea
S28,0,0,0,0,0,0,0,0,0,0,0,0,0,0,0,0,0,10.3156,0,214.538,0,0,0,0,0,0,0,0,0,0,0,0,0,0,0,0,0,0,0,0,1.88125,0,0,0,0,0,0,0,21.1455,0,0,0,0,0,0,0,0,32.2886,0,0,0,0,21.6513,41.1392,0,0,1658.7,13.0463,1697.63,47,0,0,0,1.49521,4.91208,0,0,0,0,10.3512,0,6.12979,0,2.82188,0,15.5747,0,295.009,0,0,0,0,0,East Central North Sea
S29,0,0,0,0,0,0,0,0,0,0,0,0,0,0,0,0,0,29.4971,0,678.623,0,0,0,0,0,0,0,0,0,0,0,0,0,0,38,0,0,0,0,0,0,0,0,0,0,0,0,0,38.6354,0,0,0,0,0,0,0,0,46.2741,0,0,0,0,11.3879,37.2084,0,0,1483.87,38.9107,1565.37,6.02,0,0,0,2.78813,4.38508,0,0,0,0,13.0806,0,2.2,0,5.77797,0,80.8249,0,252.533,0,0,0,0,0,East Central North Sea
S30,0.97125,0,0,0,0,0,0,0,0,0,0,0,0,0,0,0,0,4.86062,5.83187,33.7788,0,0,0,0,0,4.86062,0,0,0,0.97125,0,0.5,0,0,0,0,0,0,0,0,0,0,0,0,0,0,0,0,0,0,0,0.97125,0,0,0,0,0,38.0409,0,0,0,0,4.70188,2,0,0,30.0697,0,279.221,1.97125,0.97125,30.875,0,0,0.485625,0,0,0,0,0,0,0,0,14.6659,0,0,0,2.91812,0,0,0,0,0,East Central North Sea
S31,0,0,0,0,0,0,0,0,0,0,0,0,0,0,0,0,0,0,0,1.9425,0,0,0,0,0,0,0,0,0,0,0,0,0,0,0,0,0,0,0,0,0,0,0,0,0,0,0,0,0,0,0,0,3.88937,0,0,0,0,21.3894,0,0,0,0,2.4325,12.6394,0,0,124.442,0,220.054,0,0,0,0,0,1.45687,0,0,0,0,7.77875,0,0.97125,0,53.4712,0,0,0,14.5819,0,0,0,0,0,East Central North Sea
S32,0,0,0,0,0,0,0,0,0,0,0,0,0,0,0,0,0,0,0,384.244,0,0,0,0,0,0,0,0,0,0,0,0,0,0,0,0,0,0,0,0,0,0,0,0,0,0,0,0,9.60417,0,0,0,0,0,0,0,0,37.0513,0,0,0,0,10.7148,38.4038,0,0,719.216,9.49281,2352.7,1.9425,0,0,0,4.86062,2.75575,0,0,0,0,29.9279,0,1.97844,0,252.567,0,4,0,100.652,0,0,0,0,0,East Central North Sea
S33,0,0,0,0,0,0,0,0,0,0,0,0,0,0,0,0,0,7.23844,0,38.0446,0,0,0,0,0,0,0,0,0,0.940625,0,0,0,0,0,0,0,0,0,0,0,0,0,0,0,0,0,0,0,0,0,0,6.31396,0,0,0,0,16.6369,0,0,0,0,4.35328,38.4106,0,0,350.7,1,1021.88,1.06,0,0,0,1.5,0.5,0,0,0,0,25.1073,0,1.64688,0,30.7222,0,0,0,10.9406,0,0,0,0,0,East Central North Sea
S34,0,0,0,0,0,0,0,0,0,0,0,0,0,0,0,0,0,0,0,48.4928,0,0,0,0,0,0,0,0,0,0,0,0,0,0,0,0,0,0,0,0,0,0,0,0,0,0,0,0,0,0,0,0,4,0,0,0,0,10.216,0,0,0,0,15.417,13.7331,0,0,582.298,2,421.467,1.97031,0,0,0,1.74281,1.36422,0,0,0,0,11.2705,0,1.98083,0,22.8673,0,0,0,13.1545,0,0,0,0,0,East Central North Sea
S35,3.40156,0,0,0,0,0,0,0,0,0,0,0,0,0,0,0,0,10.2091,1.94469,24.7909,0,0,0,0,0,0,0,0,0,0.97125,0,0,0,0,0,0,0,0,0,0,0,0,0,0,0,0,0,0,0,0,0,0,0,0,0,0,0,11.6681,0,0,0,0,0,0,0,0,13.6106,0,65.1372,0.97125,0,28.1925,0,0,0,0,0,0.97125,0,0,0,0,0,35.9712,0,0,0,1.9425,0,0,0,0,0,East Central North Sea
S36,1.51156,0,0,0,0,0,0,0,0,0,0,0,0,0,0,0,0,5.13188,0.97125,19.8756,0,0,0,0,0,0,0,0,0,0,0,0,0,0,0,0,0,0,0,0,0,0,0,0,0,0,0,0,0,0,0,0,0,0,0,0,0,19.1209,0,0,0,0,0,0,0,0,19.4425,0,81.1278,0,0,22.3606,0,0,0.485625,0,0,0,0,0.97125,0,0,0,19.1756,0,0,0,0,0,0,0,0,0,East Central North Sea
S37,14.5819,0,0,0,0,0,0,0,0,0,0,0,0,0,0,0,0,3.24187,6.47937,4.86062,0,0,0,0,0,0,0,0,0,0,0,0,0,0,0,0,0,0,0,0,0,0,0,0,0,0,0,0,0,0,0,0,0,0,0,0,0,6.47937,0,0,0,0,0,0,0,0,19.4425,0,149.074,0,0,24.3075,0,0,0,0,0,0,0,0,0,0,0,71.295,0,0,0,0,0,0,0,0,0,East Central North Sea
S38,1.32562,0,0,0,0,0,0,0,0,0,0,0,0,0,0,0,0,4.86062,0,12.18,0,0,0,0,0,0,0,0,0,0,0,0,0,0,0,0,0,0,0,0,0,0,0,0,0,0,0,0,0,0,0,0,0,0,0,0,0,5.31417,0,0,0,0,4.1125,0,0,0,28.42,0,103.238,0,0,18.9904,0,0,0,0,0,0,0,0,0,0,0,45.0742,0,0,0,0,0,0,0,0,0,East Central North Sea
S39,0,0,0,0,0,0,0,0,0,0,0,0,0,0,0,0,0,1.45687,0,8.26437,0,0,0,0,0,0,0,0,0,0,0,0,0,0,0,0,0,0,0,0,0,0,0,0,0,0,0,0,0,0,0,0,0,0,0,0,0,13.6325,0,0,0,0,6.68719,4.19271,0,0,49.3004,0,177.707,1.9425,0,0,0,0.485625,0,0,0,0,0,5.75531,0,0.940625,0,32.5019,0,0,0,6.58437,0,0,0,0,0,East Central North Sea
S40,0,0,0,0,0,0,0,0,0,0,0,0,0,0,0,0,0,0,0,0.97125,0,0,0,0,0,0,0,0,0,0,0,0,0,0,0,0,0,0,0,0,0,0,0,0,0,0,0,0,0,0,0,0,0,0,0,0,0,0,0,0,0,0,0,0.97125,0,0,0,0,298.471,0,0,0.97125,0,0,0,0,0,0,0,0,0,0,0,2.91812,0,0,0,0,0,0,0,0,0,East Central North Sea
S41,0,0,0,0,0,0,0,0,0,0,0,0,0,0,0,0,0,0,0,7.38938,0,0,0,0,0,0,0,0,0,0.97125,0,0,0,0,0,0,0,0,0,0,0,0,0,0,0,0,0,0,0,0,0,0,0,0,0,0,0,5.83187,0,0,0,0,0.97125,0.97125,0,0,5.54313,0,122.014,5.83187,0,0,0,0,0,0,0,0,0,1.06969,0,0,0,22.5553,0,0,0,1.16813,0,0,0,0,0,East Central North Sea
S42,0,0,0,0,0,0,0,0,0,0,0,0,0,0,0,0,0,6.07688,0,0,0,0,0,0,0,0,0,0,0,0,0,0,0,0,0,0,0,0,0,0,0,0,0,0,0,0,0,0,0,0,0,0,0,0,0,0,0,18.2306,0,0,0,0,12.1538,3.64438,0,0,153.125,0,133.682,0,0,1.21625,0,0,0,0,0,0,0,4.86062,0,1.21625,0,29.1681,0,0,0,8.505,0,0,0,0,0,East Central North Sea
S43,1.9425,0,0,0,0,0,0,0,0,0,0,0,0,0,0,0,0,0,17.5,1.9425,0,0,0,0,0,0,0,0,0,0,0,0,0,0,0,0,0,0,0,0,0,0,0,0,0,0,0,0,0,0,0,0,0,0,0,0,0,9.72125,0,0,0,0,0,0,0,0,18.4713,0,109.861,0,0,47.6394,0,0,0,0,0,0,0,0,0,0,0,49.5819,0,0,0,0,0,0,0,0,0,East Central North Sea
S44,0,0,0,0,0,0,0,0,0,0,0,0,0,0,0,0,0,5.83187,0,3.88937,0,0,0,0,0,0,0,0,0,0,0,0,0,0,0,0,0,0,0,0,0,0,0,0,0,0,0,0,0,0,0,0,0,0,0,0,0,0,0,0,0,0,0,0,0,0,3.88937,0,44.7212,0,0,0,0,0,0,0,0,0,0,0,0,0,0,36.4569,0,0,0,0,0,0,0,0,0,East Central North Sea
S45,0,0,0,0,0,0,0,0,0,0,0,0,0,0,0,0,0,18.0556,62.5013,4.93062,0,0,0,0,0,0,0,0,0,0.97125,0,1.17906,0,0,0,0,0,0,0,0,0,0,0,0,0,0,0,0,0,0,0,0,0,0,0,0,0,2.91812,0,0,0,0,0,0,0,0,27.2213,0,82.7072,0,0,2.77813,0,0,0,0,0,1.38688,0,0.97125,0,0,0,12.2216,0,0,0,0.97125,0,0,0,0,0,East Central North Sea
S46,0,0,0,0,0,0,0,0,0,0,0,0,0,0,0,0,0,9.96625,35,0,0,0,0,0,0,0,0,0,0,0,0,0.97125,0,0,0,0,0,0,0,0,0,0,0,0,0,0,0,0,0,0,0,0,0,0,0,0,0,0.97125,0,0,0,0,0,0,0,0,3.64656,0,48.8534,0,0,0,0,0,0,0,0,0,0,0,0,0,0,14.8247,0,0,0,0,0,0,0,0,0,East Central North Sea
S47,0,0,0,0,0,0,0,0,0,0,0,0,0,0,0,0,0,0,43.1681,36.1681,0,0,0,0,0,0,0,0,0,0,0,0,0,0,0,0,0,0,0,0,0,0,0,0,0,0,0,0,0,0,0,0,0,0,0,0,0,1.16813,0,0,0,0,0,0,0,0,2.33188,0,366.332,2.33188,0,17.5,0,0,0,0,0,0,0,0,0,0,0,3.5,0,0,0,3.5,0,0,0,0,0,East Central North Sea
S96,0,0,0,6,0,8,2,0,0,0,10,0,0,0,0,0,0,0,0,0,189,0,0,0,0,0,0,0,0,0,0,0,0,3,0,0,0,0,0,0,0,0,0,0,0,0,0,0,0,0,0,0,0,1,0,0,0,31.5,0,0,0,0,1,34,0,13,2,0,0,1,0,0,0,2,0,0,0,0,0,16,0,2,5,5,0,0,0,0,0,0,1,0,0,Eastern Irish Sea
S97,0,1,0,8.2,0,2,8,0,0,0,2.25,0,0,0,0,0,0,0,0,5.5,12.3333,0,0,0,0,0,0,0,0,0,0,0,0,0,0,0,0,0,0,0,0,0,0,0,0,1,1.5,0,0,0,0,0,26,2.33333,0,0,0,40.4444,0,6,0,0,5,127.8,1,6.6,37.4,0,330.2,0,0,0,0,1.8,0,0,0,0,0,55.6,0,2,1,23.8,0,0,1,3.5,0,0,0,0,0,Eastern Irish Sea
S98,0,0,0,38,0,1,0,0,0,0,4,5,0,0,0,0,0,4,0,1,138,1,0,0,0,0,0,0,0,0,0,0,0,4,0,0,0,0,0,0,0,0,0,0,0,0,0,0,0,0,0,0,0,0,0,0,0,72.5,0,0,0,0,1,38,0,74,1,0,2,1,0,0,0,0,0,0,0,1,0,5,0,0,3,2,0,1,1,2,0,0,0,0,0,Eastern Irish Sea
S99,0,0,0,25,0,6,4,0,0,0,5,0,0,0,0,0,0,0,0,0,0,0,0,0,0,0,0,0,0,0,0,0,0,0,0,0,0,0,0,0,0,0,0,0,0,0,0,0,0,0,0,0,0,0,0,0,0,0,0,0,0,0,13,0,0,0,22,0,0,0,0,0,0,1,0,0,0,0,0,0,0,0,0,0,0,0,0,0,0,0,0,0,0,Eastern Irish Sea
S100,0,0,0,25.5,0,0,0,0,0,0,8.5,0,0,0,0,0,0,1,0,32,33.5,11.5,0,0,0,0,0,0,0,0,0,0,0,0,0,0,0,0,0,0,0,0,0,0,0,0,0,0,0,0,0,0,0,0,0,0,0,52,0,0,0,0,5,207,0,1,6,0,401.5,0,0,0,0,6,1,0,0,0,0,2,0,1,0,15,0,0,0,0,0,0,0,0,0,Eastern Irish Sea
S101,0,0,0,8,0,0,1,0,0,0,4.75,0,0,0,0,0,0,7.66667,0,35.75,16.6667,4,0,0,1,0,0,0,0,0,0,0,0,3.5,21.5,0,0,0,0,10,1,0,0,0,0,0,3,8.33333,0,0,0,0,1,0,0,0,0,56.2,0,0,0,0,22.25,969,0,1,17.75,0,345.25,0,0,0,0,2,0,0,0,0,0,14.25,0,2,0,10.25,0,0,1,3,0,0,0,0,0,Eastern Irish Sea
S102,0,0,0,1,0,0,3,0,0,0,11,0,0,0,0,0,0,2,0,18,11,52,0,0,0,0,0,0,0,0,0,0,0,0,0,0,0,0,0,0,1,0,0,0,0,0,0,0,0,0,0,0,29,2,0,0,0,23.5,0,0,0,0,0,77,0,2,2,0,38,0,0,0,0,0,0,0,0,0,0,10,0,0,0,10,0,0,0,0,0,0,0,0,0,Eastern Irish Sea
S103,0,0,0,11,0,0,0,0,0,0,4,1,0,0,0,0,0,1,0,57,0,6,0,0,0,0,0,0,0,0,0,0,0,0,0,0,0,0,0,0,0,0,0,0,0,0,0,0,0,0,0,0,16,1,0,0,0,9,0,0,0,0,3,187,0,0,14,0,73,0,0,0,0,0,0,0,0,0,0,4,0,1,0,1,0,0,0,0,0,0,0,0,0,Eastern Irish Sea
S104,0,1,0,5.6,0,0,8,0,0,0,10.25,2,0,2.6,0,0,0,0,0,2.5,36.75,0,0,0,0,0,0,0,0,0,0,0,0,3.5,0,0,0,0,0,2,0,0,0,0,2.5,0,1,1.5,0,1,0,0,3.8,4.33333,0,0,0,32.75,0,1.5,0,0,2.5,117.2,2.2,4.5,9.2,0,29.8,0,0,0,0,1.33333,0,0,0,1,0,18,0,1,4,22.4,0,1,2,5.5,0,0,0,0,0,Eastern Irish Sea
S105,0,0,0,2,0,0,10,0,0,0,17,0,0,0,0,0,0,3,0,3,262,1,0,0,0,0,0,0,0,0,0,0,0,1,0,0,0,0,0,0,0,0,0,0,0,0,2,0,0,0,0,0,0,2,0,0,0,66,0,0,0,0,4,15,1,54,2,0,5,0,0,0,0,0,0,0,0,2,0,19,0,0,9,1,0,0,0,1,0,0,0,0,0,Eastern Irish Sea
S106,0,0,0,1,0,0,1,0,0,0,20,0,0,0,0,0,0,0,0,1,136,0,0,0,0,0,0,0,0,0,0,2,0,1,0,0,0,0,0,0,0,0,0,0,0,0,0,0,0,0,0,0,0,1,2,0,0,50,0,0,0,0,2,14,0,31,1,0,4,1,0,0,0,0,0,0,2,2,0,16,0,1,24,6,0,0,0,1,0,0,1,0,0,Eastern Irish Sea
S107,0,0,0,21,0,0,1,0,0,0,9,0,0,0,0,0,0,0,0,33,0,10,0,0,0,0,0,0,0,0,0,0,0,0,2,0,0,0,0,0,0,0,0,0,0,0,0,0,0,0,0,0,1,0,0,0,0,4,0,0,0,0,3,489,1,2,16,0,28,0,0,0,0,0,0,0,0,0,0,23,0,1,0,7,0,0,0,0,1,0,0,0,0,Eastern Irish Sea
S108,0,1,0,1,0,0,1,0,0,0,6,0,0,0,0,0,0,2,0,36,14,0,0,0,0,0,0,0,0,0,0,0,0,0,0,0,0,0,0,0,0,0,0,0,0,0,0,0,0,0,0,0,0,0,0,0,0,14,0,0,0,0,6,6,0,6,14,0,30,0,0,0,0,0,0,0,0,0,0,0,0,0,0,6,0,0,0,1,0,0,0,0,0,Eastern Irish Sea
S109,0,3,0,0,0,1,10,0,0,0,3,0,0,0,0,0,0,0,0,0,0,0,0,0,0,0,0,0,0,0,0,0,0,0,0,0,0,0,0,0,0,0,0,0,0,0,0,0,0,0,0,0,13,0,0,0,0,21.5,0,0,0,0,1,28,0,15,17,0,18,0,0,0,0,0,0,0,0,0,0,7,0,1,0,41,0,0,0,2,0,0,0,0,0,Eastern Irish Sea
S110,0,0,0,1,0,0,5.66667,0,0,0,30.5,1,0,0,0,0,0,1,0,3.33333,12,0,0,0,0,0,0,0,0,1,0,0,0,5.66667,0,0,0,0,0,0,1,0,0,0,0,0,0,0,0,2,0,0,13,0,2.5,0,0,36,0,0,0,0,3,39,0,23,19,0,44.25,4.66667,0,0,0,1,0,0,0,0,0,8.5,0,1,9.66667,52,0,1,0,6.5,0,0,1,0,0,Eastern Irish Sea
S111,0,0,0,2,0,0,2,0,0,0,10,6,0,0,0,0,0,0,0,2,41,0,0,0,0,0,0,0,0,0,0,0,0,2,1,0,0,0,0,0,0,0,0,0,0,0,0,0,0,0,0,0,0,0,0,0,0,13.5,0,0,0,0,4,215,0,2,7,0,59,0,0,0,0,1,1,0,0,1,0,9,0,0,3,26,0,2,1,1,0,0,0,0,0,Eastern Irish Sea
S112,0,2,0,0,0,4,6,0,0,0,9,0,0,0,0,0,0,4,0,1,193,0,0,0,0,0,0,0,0,0,0,2,0,0,0,0,0,0,0,0,1,0,0,0,0,0,3,0,0,0,0,0,0,0,0,0,0,14,0,0,0,0,5,0,0,6,12,0,3,4,0,0,0,0,0,0,0,2,0,0,0,0,10,11,0,0,0,0,2,0,3,0,0,Eastern Irish Sea
S113,0,0,0,3.66667,0,0,2.33333,0,0,0,7.57143,0,0,0,0,0,0,4.75,0,20.7143,12,7.5,0,0,0,0,0,0,0,0,0,1,0,0,0,0,0,0,0,0,0,0,0,0,0,0,0,0,0,0,0,0,5,0,0,0,0,70.1111,0,0,0,0,27,54.1429,0,5,56.4286,0,178.143,0,0,0,0,1,0,0,0,1,0,4.2,0,2,0,9,0,0,0,5.25,1,0,0,0,0,Eastern Irish Sea
S114,0,2,0,1.66667,0,2.75,5,0,0,0,12.5,1,0,0,0,0,0,0,0,5.5,68,5,0,0,0,0,0,0,0,2,0,1,0,1,0,0,0,0,0,0,0,0,0,0,0,0,0,0,0,0,0,0,5.66667,0,0,0,0,36.4,0,0,0,0,17.25,0,0,3,67,0,74,3.5,0,0,0,1.5,0,0,0,0,0,1.5,0,3.66667,3.25,45.75,0,0,0,11.3333,0,0,2,0,0,Eastern Irish Sea
S115,0,0,0,11.25,0,1,2,0,0,0,13.6,0,0,0,0,0,0,4,0,50.2,47.8,6.5,0,0,0,0,0,0,0,0,0,1,0,0,0,0,0,0,0,0,0,0,0,0,0,0,0,0,0,0,0,0,99.4286,0,0,0,0,37.4545,0,0,0,0,303.286,251.429,0,0,71.8571,24,177.571,1,0,0,0,1,0,0,0,0,0,27.2857,0,6.5,0,52.1667,0,3,0,8.85714,1,0,0,0,0,Eastern Irish Sea
S116,0,0,0,6,0,0,0,0,0,0,0,1,0,0,0,0,0,0,0,0,11,0,0,0,0,0,0,0,0,0,0,0,0,0,0,0,0,0,0,0,0,0,0,0,0,0,0,0,0,0,0,0,17,0,0,0,0,6.5,0,0,0,0,86,24,0,0,85,0,32,0,0,0,0,6,1,0,0,0,0,25,0,4,0,65,0,0,0,1,0,0,0,0,0,Eastern Irish Sea
S117,0,0,0,2.66667,0,0,2,0,0,0,4,0,0,0,0,0,0,5.25,0,34,41,2.75,0,0,0,0,0,0,0,0,0,0,0,0,0,0,0,0,0,0,0,0,0,0,0,0,2,0,0,0,0,0,20.75,0,0,0,0,32.6667,0,0,0,0,103.5,2.66667,0,0,191.25,0,159.5,2,0,0,0,5,0,0,0,2,0,6.5,0,9.75,0,37.25,0,13,6,23,0,0,2,0,0,Eastern Irish Sea
S118,0,0,0,2,0,0,0,0,0,0,6.66667,0,0,0,0,0,0,4,0,4,109.25,0,0,2,0,0,0,0,0,0,0,1,0,0,0,0,0,0,0,0,0,0,0,0,0,0,3,0,0,0,0,0,1,0,0,0,0,37.2,0,0,0,0,49.5,0,0,0,59.25,0,66.5,6,0,0,0,1.33333,0,0,0,0,0,2.66667,0,2,2,16.5,0,15.25,4.5,22.75,0,0,1,0,0,Eastern Irish Sea
S119,0,0,0,1.5,0,0,0,0,0,0,6.5,0,0,2,0,0,0,1.8,0,9.66667,41.8333,1.5,0,1,0,0,0,0,0,0,0,0,0,1,0,0,0,0,0,0,0,0,0,0,0,0,1,0,0,2.5,0,0,2,0,0,0,0,28.1,0,0,0,0,68.4286,2,0,0,115.143,0,159.429,2.66667,0,0,0,1.5,1,0,0,1,0,2.6,0,5.57143,1,13.4286,0,15,1.25,27.8571,0,0,1,0,0,Eastern Irish Sea
S120,0,0,0,3.5,0,2,1.66667,0,0,0,10,0,0,0,0,0,0,7,0,31,17.5,5,0,0,0,0,0,0,0,0,0,2,0,2,0,0,0,0,0,0,0,0,1,0,0,0,0,0,0,0,0,0,134.857,0,0,0,0,40.4545,0,0,0,0,77.4286,21.8571,0,0,93.2857,2,198.571,0,0,0,0,2,0,0,0,0,0,5.16667,0,4.42857,0,16.6667,0,2,0,6.14286,0,0,0,0,0,Eastern Irish Sea
S121,0,2,0,4.66667,0,1,2.8,0,0,0,2,0,0,0,0,0,0,0,0,9.25,5,2,0,0,0,0,0,0,0,0,0,1,0,0,0,0,0,0,0,0,0,0,0,0,0,0,0,0,0,0,0,0,74.7143,0,0,0,0,14.625,0,0,0,0,33.1429,12,0,0,117.429,0,207.714,0,0,0,0,2.6,0,0,0,0,0,5.71429,0,2,0,31.4286,0,0,0,3,0,0,0,0,0,Eastern Irish Sea
S122,0,0,0,3.33333,0,1,3,0,0,0,3,0,0,0,0,0,0,98,0,6.5,92,15.5,0,0,0,0,0,0,0,0,0,0,0,0,0,0,0,0,0,0,0,0,0,0,0,0,0,0,0,0,0,0,10.5,0,0,0,0,59.7143,0,0,0,0,37.5,47.5,0,0,178.5,24,810,0,0,0,0,3,0,0,0,0,0,15,0,3.5,0,18.3333,0,0,0,3,0,0,0,0,0,Eastern Irish Sea
S123,0,0,0,5.33333,0,3,2,0,0,0,1,0,0,0,0,0,0,0,0,1,1,0,0,0,0,0,0,0,0,0,0,0,0,0,0,0,0,0,0,0,0,0,0,0,0,0,0,0,0,0,0,0,2,0,0,0,0,14.6667,0,0,0,0,51,16,0,1,92.75,0,39,0,0,0,0,2,0,0,0,0,0,6,0,1.5,2,67.25,0,0,0,4,0,0,0,0,0,Eastern Irish Sea
S124,0,0,0,0,0,0,1,0,0,0,1,0,0,0,0,0,0,2.8,0,51.6667,17.6667,10.6,0,0,0,0,0,0,0,0,0,0,0,0,0,0,0,0,0,0,0,0,0,0,0,0,0,0,0,0,0,0,5.2,0,0,0,0,9.42857,0,0,0,0,21,31,0,0,29.4286,10,26.1429,0,0,0,0,1.25,1,0,0,0,0,26,0,3.5,0,5,0,0,0,34.5714,0,0,0,0,0,Eastern Irish Sea
S125,0,0,0,2,0,0,0,0,0,0,1.5,0,0,0,0,0,0,22.6667,0,34.8,45.75,10.4,0,0,0,0,0,0,0,0,0,1,0,0,0,0,0,0,0,0,0,0,0,0,0,0,0,0,0,0,0,0,0,0,0,0,0,18,0,0,0,0,71.4,208.8,0,0,22.2,0,80,0,0,0,0,0,0,0,0,0,0,20.8,0,3.5,0,13.8,0,0,0,78.8,0,0,0,0,0,Eastern Irish Sea
S126,0,0,0,2.75,0,0,7,0,0,0,1,0,0,0,0,0,0,8,0,51.6,17.6,11.5,0,0,0,0,0,0,0,0,0,0,0,0,0,0,0,0,0,0,0,0,0,0,0,0,0,0,0,0,0,0,2.5,0,0,0,0,8.8,0,0,0,0,93.4,272,0,0,131.4,3,127.4,0,0,0,0,0,0,0,0,0,0,10,0,4.5,0,9.8,0,0,0,34.2,0,0,0,0,0,Eastern Irish Sea
S127,0,0,0,1.5,0,0,0,0,0,0,3,0,0,0,0,0,0,6,0,36.25,17,10,0,0,1,0,0,0,0,0,0,2,0,0,0,0,0,0,0,0,0,0,0,0,0,0,0,0,0,0,0,0,0,0,0,0,0,5.33333,0,0,0,0,75.5,111.5,0,0,82,5,54.5,0,0,0,0,0,0,0,0,0,0,8.5,0,7.66667,0,15.75,0,0,0,29,0,0,0,0,0,Eastern Irish Sea
S128,0,0,0,2,0,0,0,0,0,0,10.8,0,0,0,0,0,0,16.1667,0,73.4286,17.8,8.75,0,0,1,0,0,0,0,0,0,0,0,2.33333,0,0,0,0,0,0,0,0,0,0,0,0,0,0,0,0,0,0,71,0,0,0,0,70.8571,0,0,0,0,124,314.286,0,0,131.286,4.28571,223.143,0,0,0,0,1,0,0,0,0,0,23.5714,0,16.6667,0,17.5,0,0,0,69.4286,0,0,0,0,0,Eastern Irish Sea
S129,0,0,0,1,0,0,1,0,0,0,3.33333,0,0,0,0,0,0,9.33333,0,40.5714,21.5714,6,0,0,0,0,0,0,0,0,0,1,0,0,0,0,0,0,0,0,0,0,0,0,0,0,0,0,0,0,0,0,1.5,0,0,0,0,39.2857,0,0,0,0,93.5714,138,0,0,36.5714,0,167.571,0,0,0,0,0,0,0,0,0,0,34.1429,0,8.33333,0,9.42857,0,0,0,27,0,0,0,0,0,Eastern Irish Sea
S130,0,0,0,3.5,0,0,0,0,0,0,7.5,0,0,0,0,0,0,12,0,11,13,10.3333,0,0,0,0,0,0,0,0,0,0,0,0,0,0,0,0,0,0,0,0,0,0,0,0,0,0,0,0,0,0,148.75,0,0,0,0,28.6667,0,0,0,0,81.25,237.25,0,0,117.5,3,124.75,0,0,0,0,1.5,0,0,0,0,0,17,0,7.25,0,13.75,0,0,0,7.66667,0,0,0,0,0,Eastern Irish Sea
S131,0,0,0,4,0,0,0,0,0,0,8.75,0,0,0,0,0,0,5,0,20.8,34.6667,3.25,0,0,0,0,0,0,0,0,0,1,0,0,0,0,0,0,0,0,0,0,0,0,0,0,0,0,0,0,0,0,50.2857,0,0,0,0,28.2222,0,0,0,0,93.5714,116.143,0,0,133.143,0,281.143,0,0,0,0,1.33333,0,0,0,0,0,44,0,15,0,35.2857,0,0,0,20.1667,1,0,0,0,0,Eastern Irish Sea
S132,0,0,0,7.16667,0,0,1,0,0,0,18.1667,1,1,1,0,0,2,3.25,0,25,96,10.6,0,0,0,0,0,0,0,1,0,0,0,0,0,0,0,0,0,0,0,0,0,0,0,0,1,0,0,0,0,0,2,0,0,0,0,101.222,0,0,0,0,201,227.4,0,0,127.143,1,390.714,0,0,0,0,0,0,0,0,0,0,25.6667,0,8.16667,0,10.4286,0,5,1,7.5,0,0,2,0,0,Eastern Irish Sea
S133,0,0,0,14,0,0,0,0,0,0,5,0,0,0,0,0,0,0,0,40,41,4,0,0,0,0,0,0,0,0,0,0,0,0,0,0,0,0,0,0,0,0,0,0,0,0,0,0,0,0,0,0,9,0,0,0,0,18.3333,0,0,0,0,157,28,0,1,154.333,0,109.667,0,0,0,0,5,1,0,0,0,0,28.6667,0,4.33333,0,55.6667,0,0,0,5.5,0,0,0,0,0,Eastern Irish Sea
S134,0,1,0,1,0,0,0,0,0,0,1.66667,0,0,0,0,0,0,1.66667,0,32.7143,53,37,0,0,0,3,0,0,0,0,0,1,0,0,0,0,0,0,0,0,0,0,0,0,0,0,0,0,0,0,0,0,0,0,0,0,0,12.625,0,0,0,0,11.1429,19.5714,0,1,9.28571,0,21.7143,0,0,0,0,1,0,0,0,2,0,10.8333,0,2.6,0,14.8571,0,0,0,11,0,0,2,0,0,Eastern Irish Sea
S135,0,0,0,3.5,0,0,0,0,0,0,2.33333,0,0,0,0,0,0,3,0,23,12,6,0,0,0,0,0,0,0,0,0,0,0,0,0,0,0,0,0,0,0,0,0,0,0,0,0,0,0,0,0,0,0,0,0,0,0,8.71429,0,0,0,0,32.2857,15.5,0,2.66667,11.7143,0,47.2857,0,0,0,0,0,0,0,0,0,0,6.71429,0,3.25,0,15.1429,0,0,0,8.71429,0,0,0,0,0,Eastern Irish Sea
S136,0,0,0,7.66667,0,0,0,0,0,0,7,0,0,0,0,0,0,4,0,11.5,9.25,3.5,0,0,0,0,0,0,0,0,0,2,0,0,0,0,0,0,0,0,0,0,0,0,0,0,0,0,0,0,0,0,0,0,0,0,0,8.5,0,0,0,0,19.25,4,0,5.66667,13,0,47.25,0,1,0,0,2,0,0,0,4,0,14.5,0,2.5,0,6.25,0,0,0,26.25,0,0,0,0,0,Eastern Irish Sea
S137,0,0,0,14.5,0,0,0,0,0,0,6,0,0,0,2,0,0,4,0,10.5,56.6667,3,0,0,0,0,0,0,0,0,0,0,0,0,0,0,0,0,0,0,0,0,0,0,0,0,0,0,0,0,0,0,0,0,0,0,0,47.25,0,0,0,0,212.75,100.75,0,3,65.75,0,227.25,0,0,0,0,0,2,0,0,0,0,20.75,0,7.33333,0,34.5,0,0,0,3,0,0,2,0,0,Eastern Irish Sea
S138,0,0,0,5,0,0,1.25,0,0,0,3,0,0,0,0,0,0,0,0,7.2,17,3.5,0,0,0,0,0,0,0,2,0,2,0,1,0,0,0,0,0,0,0,0,0,0,0,0,0,0,0,0,0,0,2.5,0,0,0,0,29.8182,0,0,0,0,27.1429,3,0,6.42857,30.5714,0,24.5714,3,0,0,0,1.5,1.33333,0,0,0,0,20.1429,0,5.28571,2,25.4286,0,0,0,27.7143,0,0,0,0,0,Eastern Irish Sea
S139,0,0,0,14,0,0,0,0,0,0,12,0,0,0,0,0,0,1,0,2,117,7,0,2,0,0,0,0,0,0,0,2.5,0,1,0,0,0,0,0,0,0,0,0,0,0,0,2,0,0,0,0,0,0,0,2,0,0,137.714,0,0,0,0,49,4,0,7.25,21.25,0,44.25,10.5,0,0,0,0,0,0,0,1,0,16.25,0,5.75,5.33333,8.25,0,2,0,21.75,0,0,1,0,0,Eastern Irish Sea
S140,0,0,0,8,0,0,0,0,0,0,2,0,0,0,0,0,0,2,0,9.83333,1.5,8,0,0,0,0,0,0,0,0,0,0,0,0,2,0,0,0,0,0,0,0,0,0,0,0,0,0,0,0,0,0,7.5,0,0,0,0,48.8571,0,0,0,0,25.5714,87.1429,0,1.5,112.857,0,61.5714,1,2,0,0,2.4,1.5,0,0,0,0,23,0,4.83333,0,12.2857,0,0,0,17.8571,1,0,0,0,0,Eastern Irish Sea
S141,0,0,0,2,0,0,4,0,0,2,0,0,0,0,0,0,1,0,0,66,8.5,28,0,0,0,0,0,0,0,0,0,0,0,0,0,0,0,0,0,0,0,0,0,0,0,0,0,0,0,0,0,0,0,0,0,0,0,36.5,0,0,0,0,5,31.5,0,0,18,0,16,0,0,0,0,2,1,0,0,0,0,23.5,0,4.25,0,14,0,0,0,2.5,0,0,0,0,0,Eastern Irish Sea
S142,0,0,0,1,0,0,1,0,0,0,3.5,0,0,0,0,0,0,4.8,0,6.66667,44.4,23.6667,0,1,0,0,0,1,0,0,0,1,0,10.3333,0,0,0,0,0,0,0,0,0,0,0,0,3,0,0,5,0,0,0,0,0,0,0,44,0,0,0,0,18.3333,25.3333,0,0,70.5,0,12,4.4,0,0,0,0,0,0,0,11.6667,4.66667,16,0,3.75,0,6.25,0,4.8,2,23.8333,0,1.5,0,0,0,Eastern Irish Sea
S143,0,0,0,0,0,0,0,0,0,0,2,0,0,0,0,0,1,0,0,2.33333,12,11.5,0,0,0,0,0,0,0,0,0,1,0,0,0,0,0,0,0,0,0,0,0,0,0,0,0,0,0,0,0,0,0,0,0,0,0,1.25,0,0,0,0,2.66667,1,0,0,1.33333,0,3.25,0,0,0,0,0,1,0,0,0,0,1.5,0,1.5,0,0,0,0,0,2,0,0,0,0,0,Eastern Irish Sea
S144,0,0,0,0,0,0,0,0,0,0,2,0,0,0,0,0,0,0,0,2.5,1.5,2,0,0,0,0,0,0,0,0,0,1.5,0,0,0,0,0,0,0,0,0,0,0,0,0,0,0,0,0,0,0,0,0,0,0,0,0,1,0,0,0,0,2,2,0,0,2,0,4,0,1,0,0,1,1.5,0,0,0,0,1.33333,0,0,0,0,0,0,0,0,0,0,0,0,0,Eastern Irish Sea
S145,0,0,0,0,0,0,0,0,0,0,2,0,0,0,0,0,0,0,0,2,4,0,0,0,0,0,0,0,0,0,0,2,0,2,0,0,0,0,0,0,0,0,0,0,0,0,0,0,0,0,0,0,0,0,0,0,0,1,0,0,0,0,3.66667,1,0,0,10,0,4.33333,0,1,0,0,0,1,0,0,0,0,1.5,0,3,0,1.75,0,0,0,0,0,0,0,0,0,Eastern Irish Sea
S146,0,0,0,1,0,0,0,0,0,0,0,0,0,0,0,0,0,14,0,9.33333,34.5,2.33333,0,0,1,0,0,0,0,0,0,1.5,0,0,0,0,0,0,0,0,0,0,0,0,0,0,0,0,0,0,0,0,0,0,0,0,0,18.75,0,0,0,0,14.75,55,0,5,26.25,0,90,0,0,0,0,2,0,0,0,0,0,17.3333,0,3.66667,0,12.5,0,0,0,15.3333,0,0,0,0,0,Eastern Irish Sea
S147,0,0,0,1,0,0,2,0,0,0,6.66667,0,0,0,0,0,0,13.25,0,8.66667,83,40.75,2,2,0,0,0,0,0,0,0,1,0,2,0,0,0,0,0,0,0,0,0,0,0,0,0,0,0,4,0,0,1,0,0,0,0,21.4,0,0,0,0,15.75,53,0,1,34.75,0,30.5,0,0,0,0,1,0,0,0,6,0,29,0,4.5,0,13.5,0,2,0,12.75,0,0,0,0,0,Eastern Irish Sea
S148,0,0,0,1,0,0,1.5,0,0,0,2.8,0,0,0,0,0,0,3.66667,0,4.16667,39.8,14.5,0,4,0,0,0,0,0,0,0,1,0,1,0,0,0,0,0,0,2,0,0,0,0,0,0,0,0,0,0,0,0,0,0,0,0,82.2857,0,0,0,0,14.5714,36.5,0,0,60.7143,1,93.1429,5.5,0,0,0,2,1.33333,0,0,1,2,20.6667,0,2.66667,0,5.2,0,0,0,9,0,0,0,0,0,Eastern Irish Sea
S149,0,0,0,8.75,0,0,1.5,0,0,0,7.71429,0,0,1,0,0,1,1.5,0,14,3,4,0,0,0,0,0,0,0,1,0,1.5,0,8.4,0,0,0,0,0,0,0,0,0,0,0,0,0,0,0,0,0,0,0,0,0,0,0,35.125,0,0,0,0,2,62.7143,0,0,53.2857,0,59.7143,2,0,0,0,4,0,0,0,0,0,1,0,1,0,13.8571,0,0,0,10.5714,0,0,0,0,0,Eastern Irish Sea
S150,0,0,0,5.5,0,0,0,0,0,0,3.4,0,0,0,0,0,0,3,4,9,6.66667,4,0,0,0,3,0,0,0,2,0,1.66667,0,1,0,0,0,0,0,0,0,0,0,0,0,0,0,0,0,0,0,0,0,0,0,0,0,13.0769,0,0,0,0,10.7143,8,0,0,17.7143,0,79,0,3.4,2.2,0,1,0,0,0,0,0,4,0,1.4,0,9.85714,0,0,0,3.25,1,0,0,0,0,Eastern Irish Sea
S151,0,0,0,3.85714,0,0,1.5,0,0,0,1.66667,0,0,0,0,0,0,6,1,4.4,2,4,0,0,0,0,0,0,0,0,0,1,0,1,0,0,0,0,0,0,0,0,0,0,0,0,0,0,0,0,0,0,0,0,0,0,0,18.4545,0,0,0,0,1.5,34.4286,0,0,113.571,0,106.286,2,0,0,0,1.5,0,0,0,0,0,2.6,0,1.83333,0,14,0,2,0,11.3333,0,0,0,0,0,Eastern Irish Sea
S152,0,0,0,2,0,0,1,0,0,0,7.42857,0,0,0,0,0,0,6.6,0,25.2857,12.5,12.6667,0,2,0,0,0,0,0,0,0,1,0,3.75,1.75,0,0,0,0,0,0,0,0,0,0,0,0,0,0,0,0,0,0,0,0,0,0,78.375,0,0,0,0,4.4,74.1429,0,0,30,0,298.143,0,0,0,0,1,0,0,0,0,0,2.66667,0,4,0,4.66667,0,0,1,17.5714,0,0,0,0,0,Eastern Irish Sea
S153,0,0,0,3,0,0,0,0,0,0,6,0,0,0,0,0,0,6,0,15.5,11.5,13.25,0,0,0,0,0,0,0,0,0,0,0,0,0,0,0,0,0,0,0,0,0,0,0,0,0,0,0,0,0,0,0,0,0,0,0,22.8333,0,0,0,0,40,0,0,0,13.5,0,122.25,0,0,4,0,0,2,0,0,0,0,3.33333,0,2,0,9.25,0,0,0,3.33333,2,0,0,0,0,Eastern Irish Sea
S154,0,0,0,0,0,0,0,0,0,0,3.66667,0,0,0,0,0,0,1,0,22.4,9.4,7,0,0,0,0,0,0,0,0,0,2.25,0,0,0,0,0,0,0,0,0,0,0,0,0,0,0,0,0,0,0,0,0,0,0,0,0,33.4545,0,0,0,0,12.7143,39.2857,0,9.8,63.7143,0,155,1.33333,0,0,0,3,0,0,0,0,0,33.2857,0,3.33333,0,34,0,0,0,26.7143,2.5,0,0,0,0,Eastern Irish Sea
S155,0,0,0,2,0,0,0,0,0,0,9.85714,0,0,0,0,0,0,14.1667,0,101,13.5,77.5,0,0,0,0,0,0,0,0,0,1.33333,0,1,2,0,0,0,0,0,0,0,0,0,0,0,0,0,0,0,0,0,6,0,0,0,0,33.25,0,0,0,0,85.4286,66.4286,0,0,344.857,8.2,292.714,0,2,0,0,2,0,0,0,0,0,3.75,0,7.75,0,2.8,0,0,0,32.7143,2,0,0,0,0,Eastern Irish Sea
S156,0,0,0,4.4,0,1,1,0,0,0,8.4,0,0,0,0,0,2,3.8,0,63,23.2,25.6667,0,0,0,0,0,0,0,0,0,1.25,0,2,0,0,0,0,0,0,0,0,1,0,0,0,0,0,0,0,0,0,45.2,0,0,0,0,9,0,0,0,0,22.1429,5.2,0,0,52.8571,0,54.1429,1.5,0,0,0,1,2,0,0,0,0,8.33333,0,5.8,0,5.5,0,0,0,28.7143,0,0,0,0,0,Eastern Irish Sea
S157,0,0,0,5,0,0,2,0,0,0,5.25,0,0,0,0,0,1,1.5,0,81.1429,4,17.5,0,0,0,0,0,0,0,0,0,1.66667,0,2,0,0,0,0,0,0,0,0,0,0,0,0,0,0,0,0,0,0,4.8,0,0,0,0,15.1429,0,0,0,0,18.8571,132.857,0,0,95.7143,0,74.8571,0,0,0,0,1,0,0,0,0,0,20.5714,0,10,0,16.5714,0,0,0,8.42857,1,0,0,0,0,Eastern Irish Sea
S158,0,0,0,2.66667,0,0,0,0,0,0,4.75,0,0,0,0,0,0,3,1,37.4286,4.25,27.25,0,0,0,1,0,0,0,0,0,1.66667,0,0,0,0,0,0,0,0,0,0,0,0,0,0,0,0,0,0,0,0,0,0,0,0,0,50.5714,0,0,0,0,17.2857,62,0,0,70.5714,0,241.286,0,0,0,0,1.33333,2,0,0,1,0,25.2857,0,3.75,0,14.5,0,0,0,3.5,0,0,0,0,0,Eastern Irish Sea
S159,0,0,0,0,0,0,0,0,0,1,39,0,0,0,0,0,0,221,0,279,232,0,0,0,0,0,0,0,0,0,0,0,0,10,0,0,0,0,0,0,0,0,0,0,0,0,0,0,0,2,0,0,2,0,1,0,0,104,0,0,0,0,0,0,0,0,8,0,55,91,0,0,0,0,0,0,0,2,0,0,0,0,6,39,0,0,0,42,0,0,2,0,0, Western Irish Sea
S160,0,2,0,0,0,0,0,0,0,0,104,0,0,4,0,0,0,34,0,14,230,0,0,0,0,0,0,0,0,0,0,0,0,0,0,0,0,0,0,0,0,0,0,0,0,0,0,0,0,0,0,0,0,0,0,0,0,16,0,0,0,0,0,0,0,0,0,0,0,10,0,0,0,0,0,0,0,0,0,0,0,0,0,0,0,0,0,8,0,0,0,0,0, Western Irish Sea
S161,0,1,0,2.66667,0,0,3.25,0,0,0,18.2,0,0,1,0,0,0,8.8,0,174,87.8,5,0,0,0,0,0,0,0,1,0,2,0,0,0,0,0,0,0,0,7,0,0,0,0,0,0,0,0,1,0,0,1,0,0,0,0,46.8,0,0,0,0,39.6,2.5,0,0,529.4,2,278,1,0,0,0,1,0,0,0,0,0,0,0,1,0,35.5,0,0,0,15,0,0,0,0,0, Western Irish Sea
S162,0,8,0,4,0,0,6,0,0,0,4,0,0,0,0,0,0,0,0,6,406,0,0,0,0,0,0,0,0,0,0,0,0,0,0,0,0,0,0,0,0,0,0,0,0,0,0,0,0,0,0,0,0,0,0,0,0,0,0,0,0,0,0,0,0,0,0,0,0,0,0,0,0,0,0,0,0,0,0,0,0,0,0,2,0,0,0,0,0,0,0,0,0, Western Irish Sea
S163,0,2,0,0,0,0,0,0,0,0,4,0,0,0,0,0,0,0,0,0,24,0,0,0,0,0,0,0,0,0,0,0,0,0,0,0,0,0,0,0,0,0,0,0,0,0,0,0,0,0,0,0,2,0,0,0,0,0,2,0,0,0,2,0,0,0,14,0,12,0,0,0,0,0,0,0,0,0,0,0,0,0,0,0,0,0,0,0,0,0,0,0,0, Western Irish Sea
S164,0,3,0,3,0,0,2,0,0,0,23.5,0,0,0,0,0,0,99,0,40,159.5,7,0,0,0,0,0,0,0,2,0,0,0,0,0,0,0,0,0,0,0,0,0,0,0,0,0,0,0,1,0,0,5.5,0,0,0,0,27,2,0,0,0,7.5,2,2.5,0,57.5,0,90,7,0,0,0,0,0,0,0,0,0,0,0,0,1,27,0,1,0,25,0,0,1,0,0, Western Irish Sea
S165,0,0,0,0,0,0,0,0,0,0,28,0,0,0,0,0,0,2,0,4,234,6,0,0,2,0,0,0,0,0,0,0,0,0,0,0,0,0,0,0,0,0,0,0,0,0,0,0,0,0,0,0,0,0,0,0,0,8,0,0,0,0,0,0,0,0,0,0,0,2,0,0,0,0,0,0,0,0,0,0,0,0,0,0,0,0,0,10,0,0,0,0,0, Western Irish Sea
S166,0,0,0,0,0,0,0,0,0,0,0,0,0,0,0,0,0,10,0,6,30,22,0,0,0,0,0,0,0,0,0,0,0,0,2,0,0,0,0,0,0,0,0,0,0,0,0,0,0,0,0,0,0,0,0,0,0,256,0,0,0,0,0,0,0,2,86,0,50,0,0,0,0,0,0,0,0,0,0,0,0,0,0,8,0,0,0,114,0,0,0,0,0, Western Irish Sea
S167,0,0,0,0,0,0,0,0,0,0,2,0,0,0,0,0,0,0,0,0,2,0,0,0,0,0,0,0,0,0,0,0,0,0,0,0,0,0,0,0,0,0,0,0,0,0,0,0,0,0,0,0,0,0,0,0,0,2,0,0,0,0,0,0,0,0,46,0,24,0,0,0,0,2,0,0,0,0,0,0,0,0,0,4,0,0,0,8,0,0,0,0,0, Western Irish Sea
S168,0,0,0,6,0,0,2,0,0,0,10,0,0,0,0,0,0,4,0,0,0,4,0,0,0,0,0,0,0,0,0,0,0,0,0,0,0,0,0,0,0,0,0,0,0,0,0,0,0,0,0,0,0,0,0,0,0,24,0,0,0,0,2,0,0,0,104,0,24,0,0,0,0,2,0,0,0,0,0,0,0,0,0,6,0,0,0,4,0,0,0,0,0, Western Irish Sea
S169,0,0,0,8,0,0,0,0,0,0,0,0,0,0,0,0,0,56,0,10,120,0,0,0,0,0,0,0,0,2,0,0,0,0,2,0,0,0,0,0,0,0,0,0,0,0,0,0,0,0,0,0,0,0,0,0,0,422,0,0,0,0,4,0,0,10,58,0,4,0,0,0,0,0,0,0,0,0,0,0,0,2,0,4,0,0,0,290,0,0,0,0,0, Western Irish Sea
S170,0,4,0,0,0,0,0,0,0,0,0,0,0,0,0,0,0,2,0,2,0,0,0,0,0,0,0,0,0,0,0,0,0,0,0,0,0,0,0,0,0,0,0,0,0,0,0,0,0,0,0,0,2,0,0,0,0,11,0,0,0,0,0,0,0,2,20,0,10,0,0,0,0,0,0,0,0,0,0,0,0,0,0,6,0,0,0,44,0,0,0,0,0, Western Irish Sea
S171,0,2,0,0,0,0,0,0,0,0,8,0,0,0,0,0,0,62,0,6,130,2,0,0,0,0,0,0,0,0,0,2,0,0,0,0,0,0,0,0,0,0,0,0,0,0,0,0,0,8,0,0,0,0,8,0,0,70,0,0,0,0,0,0,0,14,0,0,0,14,0,0,0,0,0,0,0,0,0,0,0,0,0,2,0,0,0,118,0,0,0,0,0, Western Irish Sea
S172,0,1,0,1,0,1,2.33333,0,0,0,6,0,0,0,0,0,0,10,24.75,225.4,42.25,0,0,0,0,0,0,0,0,0,0,1,0,0,0,0,0,0,0,0,0,0,0,0,0,0,0,0,0,0,0,0,0,0,0,0,0,95.6,0,0,0,0,4.6,4.4,0,10,227.8,0,288.6,3,0,13,0,0,0,0,0,0,0,1,0,3,0,16.6,0,0,0,38.4,0,0,0,0,0, Western Irish Sea
S173,0,0,0,0,0,0,0,0,0,0,0,0,0,0,0,0,0,0,0,0,6,0,0,0,0,0,0,0,0,0,0,0,0,0,0,0,0,0,0,0,0,0,0,0,0,0,0,0,0,0,0,0,0,0,0,0,0,0,0,0,0,0,0,0,0,0,4,0,0,0,0,0,0,0,0,0,0,0,0,0,0,0,0,0,0,0,0,0,0,0,0,0,0, Western Irish Sea
S174,0,9.33333,0,1.5,0,2.5,5,0,0,0,33.3333,0,0,0,0,0,0,28,4,69,171.667,0,0,1,0,0,0,0,0,2,0,3,0,0,0,0,0,0,0,0,0,0,0,0,0,0,0,0,0,8,0,0,12.5,0,14.3333,0,0,153.5,0,0,0,0,4.66667,0,0,22.6667,41,0,120,30,0,0,0,0,0,0,0,0,0,0,0,1,0,7,0,0,0,59.3333,0,0,1,0,0, Western Irish Sea
S175,0,1,0,0,0,0,0,0,0,0,13.5,0,0,0,0,0,0,7,0,4,65,0,0,0,0,0,0,0,0,0,0,0,0,0,0,0,0,0,0,0,1,0,0,0,0,0,0,0,0,23,0,0,0,0,0,0,0,10,0,0,0,0,0,0,0,2,0,0,0,16.5,0,0,0,0,0,0,0,0,0,0,0,0,0,2,0,19.5,0,8,0,0,1,0,0, Western Irish Sea
S176,0,4,0,0,0,1,1,0,0,0,3,0,0,0,0,0,0,1,0,3,0,0,0,0,0,0,0,0,0,0,0,0,0,0,0,0,0,0,0,0,0,0,0,0,0,0,0,0,0,0,0,0,208,0,0,0,0,25,0,0,0,0,5,0,0,0,134,0,173,0,0,0,0,0,0,0,0,0,0,0,0,0,0,452,0,0,0,1,0,0,0,0,0, Western Irish Sea
S177,0,0,0,0,0,0,0,0,0,0,1,0,0,0,0,0,0,11.25,23.3333,16.2,70,1,0,2,0,1,0,0,0,0,0,4,0,3,0,0,0,0,0,0,0,0,0,1,0,0,4,0,0,0,0,0,0,0,0,0,0,49.4,0,0,0,0,1.6,8,0,4,71.4,0,101.2,6,4,2.5,0,1,0,0,0,2.66667,1,2,0,0,0,20.2,0,2,0,3.33333,0,0,0,0,0, Western Irish Sea
S178,0,0,0,0,0,0,0,0,0,0,0,0,0,0,0,0,0,32,0,2,0,0,0,0,0,0,0,0,0,0,0,0,0,0,0,0,0,0,0,0,0,0,0,0,0,0,0,0,0,0,0,0,0,0,0,0,0,74,0,0,0,0,0,36,0,0,124,0,76,0,0,0,0,10,0,0,0,0,0,0,0,0,0,74,0,0,0,8,0,0,0,0,0, Western Irish Sea
S179,0,0,0,0,0,0,0,0,0,0,0,0,0,0,0,0,0,4,0,0,0,0,0,0,0,0,0,0,0,0,0,0,0,0,0,0,0,0,0,0,0,0,0,0,0,0,0,0,0,0,0,0,0,0,0,0,0,12,0,0,0,0,0,0,0,0,12,0,36,0,0,0,0,0,0,0,0,0,0,0,0,0,0,0,0,0,0,0,0,0,0,0,0, Western Irish Sea
S180,0,0,0,0,0,0,0,0,0,0,0,0,0,0,0,0,0,2,0,2,2,0,0,0,0,0,0,0,0,0,0,0,0,0,0,0,0,0,0,0,0,0,0,0,0,0,0,0,0,0,0,0,0,0,0,0,0,7,0,0,0,6,2,0,0,0,4,0,8,0,2,4,0,0,0,0,0,0,0,0,0,0,0,4,0,0,0,0,0,0,0,0,0, Western Irish Sea
S181,0,0,0,0,0,0,0,0,0,0,2.66667,0,0,1,0,0,0,8.2,1,98.2,22.5,1.5,0,0,0,0,0,0,0,0,0,0,0,0,0,0,0,0,0,0,0,0,0,0,0,0,0,0,0,0,0,0,0,0,0,0,0,136.4,0,0,0,0,2.66667,75.4,0,0,633.2,0,1088.8,1,5.66667,18.25,0,0,1,0,0,0,0,4.25,0,0,0,27,0,0,0,36.8,0,0,1,0,0, Western Irish Sea
S182,0,0,0,0,0,0,0,0,0,0,6,0,0,0,0,0,0,16,8,178,80,0,0,0,0,0,0,0,0,0,0,2,0,2,0,0,0,0,0,0,0,0,0,0,0,0,0,0,0,0,0,0,0,0,0,0,0,127.5,0,0,0,0,2,82,0,2,360,0,1258,0,12,84,0,0,0,0,0,0,0,0,0,0,0,40,0,4,0,54,0,0,0,0,0, Western Irish Sea
S183,0,0,0,0,0,0,0,0,0,0,0,0,0,0,0,0,0,6,0,26,0,0,0,0,0,0,0,0,0,0,0,0,0,0,0,0,0,0,0,0,0,0,0,0,0,0,0,0,0,0,0,0,0,0,0,0,0,0,0,0,0,0,18,36,0,0,650,0,156,0,0,0,0,0,0,0,0,0,0,0,0,0,0,20,0,0,0,0,0,0,0,0,0, Western Irish Sea
S184,0,0,0,1,0,0,0,0,0,0,1,0,0,0,0,0,0,3.66667,2,25.2,8.5,0,0,0,0,0,0,0,0,0,0,5,0,1,0,0,0,0,0,0,0,0,0,0,0,0,0,0,0,0,0,0,0,0,0,0,0,27.2222,0,0,0,0,12.4,39.8,0,0,683.4,0,791,1,2,2.75,0,4,1,0,0,1,0,2.75,0,0,0,29.2,0,3,0,6,0,0,0,0,0, Western Irish Sea
S185,0,0,0,0,0,0,0,0,0,0,0,0,0,0,0,0,0,4,0,6,0,0,0,0,0,0,0,0,0,0,0,2,0,0,0,0,0,0,0,0,0,0,0,0,0,0,0,0,0,0,0,0,0,0,0,0,0,2,0,0,0,0,4,16,0,0,134,0,144,0,0,0,0,0,0,0,0,0,0,4,0,0,0,34,0,0,0,2,0,0,0,0,0, Western Irish Sea
S186,0,0,0,1.25,0,0,1,0,0,4,1,0,0,1.33333,0,0,0,0,0,0,84.1429,6.6,0,0,0,0,0,0,0,0,0,0,0,0,0,0,0,0,0,0,1,0,0,0,0,0,0,0,0,0,0,0,0,0,0,0,0,5.5,0,0,0,0,1,3,0,0,0,0,0,1,0,0,0,0,0,0,0,0,0,0,0,1,5.85714,0,3.4,0,0,1,0,0,1,0,0,North-eastern Channel
S187,0,0,0,5.33333,0,1,2,0,0,0,0,0,0,1,0,0,0,0,0,0,0,4,0,0,0,0,0,0,0,0,0,0,0,0,0,0,0,0,0,1,0,0,0,0,2,0,0,1,0,0,0,0,0,0,0,0,0,31.4286,0,1.5,0,0,17.2857,171.714,0,0,9,0,8.33333,0,0,0,0,3.2,0,0,0,0,0,3.14286,0,3,0,1,0,0,0,1,0,0,0,0,0,North-eastern Channel
S188,0,0,1,2,1,1,2.71429,0,0,0,0,0,0,2,0,0,0,0,0,0,1,3.5,0,0,0,0,0,0,0,0,0,0,0,0,0,0,0,0,0,1,1,0,0,0,1,0,0,0,0,0,0,0,0,0,0,0,0,13.5,0,1,0,0,12.5714,58,1,0,8.14286,0,2,0,0,0,0,1.6,0,0,0,0,0,4.33333,0,2.66667,1,0,0,0,0,1,0,0,0,0,0,North-eastern Channel
S189,0,0,0,20.2,0,0,4.33333,0,0,0,1,0,0,0,0,0,0,0,0,0,1,2.5,0,0,0,0,0,0,0,0,0,0,0,2,0,0,0,0,0,0,0,0,0,0,0,0,0,0,0,0,0,0,0,0,0,0,0,71.2857,0,2.6,0,0,22.75,217.143,0,0,10.6667,0,10,1,0,0,0,1.5,0,0,0,0,0,5.42857,0,1.33333,0,0,0,0,0,3,0,0,0,0,0,North-eastern Channel
S190,0,0,1,1.5,1,0,1,0,0,0,0,0,0,0,0,0,0,0,0,0,0,2.5,0,0,0,0,0,0,0,0,0,0,0,0,0,0,0,0,0,0,0,0,0,1,2.2,0,0,1,0,0,0,0,0,0,0,0,0,4.4,0,0,0,0,6.14286,1,1,0,7,0,1,0,0,0,0,4.5,0,0,0,0,0,0,0,2,0,0,0,0,0,0,0,0,0,0,0,North-eastern Channel
S191,0,0,0,2.5,2,0,1,0,0,0,0,0,0,1,0,0,0,0,0,2,0,21,0,0,0,0,0,0,0,0,0,0,0,1,0,0,0,0,0,0,0,0,0,3,2.5,0,1,1.5,0,0,0,0,0,0,0,0,0,12,0,4,0,0,9.71429,2.5,0,0,8.28571,0,1.66667,0,0,0,0,1.75,0,0,0,0,0,0,0,2.5,1,0,0,0,0,0,0,0,0,0,0,North-eastern Channel
S192,0,0,0,2.83333,0,0,0,0,0,0,1,0,0,1,0,0,0,0,0,0,7,10,0,0,1,0,0,0,0,0,0,0,0,2.33333,0,0,0,0,0,2.4,0,0,1.5,1,3.5,0,0,4,0,1,0,0,0,0,0,0,0,12.8571,0,2.33333,0,0,23,18.3333,0,0,15.1667,0,1,0,0,0,0,1,1,0,0,0,0,2,0,2.5,0,0,1,0,6,1.5,0,0,0,0,0,North-eastern Channel
S193,0,0,0,1.25,0,0,0,0,0,0,2,0,0,1,0,0,0,0,0,0,25,35,0,0,0,0,0,0,0,0,0,0,0,1,0,0,0,0,0,6.5,0,0,0,1,2.2,0,2,0,0,0,0,0,0,0,0,0,0,9.14286,0,1,0,0,2.6,1,0,0,1,0,1,0,0,0,0,0,0,0,0,0,0,0,0,0,1.75,0,1,0,0,1.5,0,0,1,0,0,North-eastern Channel
S194,0,0,1,1,1,0,1,0,0,0,1.5,0,0,1,0,0,0,0,0,0,10.5,4,0,0,0,0,0,0,0,0,0,0,0,0,0,0,0,0,0,0,0,0,1,0,1,0,0,0,0,0,0,0,0,0,0,0,0,8.33333,0,1,0,0,1,0,0,0,0,0,1,0,0,0,0,0,0,0,0,0,0,0,0,0,3.66667,0,0,0,0,3.25,0,0,2,0,0,North-eastern Channel
S195,0,0,0,1.75,0,0,1.33333,0,0,0,3.66667,0,0,1,0,0,0,0,0,0,45.8571,14,0,0,1,0,0,0,0,0,0,0,0,0,0,0,0,0,0,0,0,0,0,0,2,0,2.33333,0,0,1,0,0,0,0,1,1,0,8.42857,0,2.2,0,0,1.8,1,0,1,4,0,0,1.5,0,0,0,1,0,0,0,0,0,0,0,1,2.33333,0,1,0,1,1,0,0,1.66667,0,0,North-eastern Channel
S196,0,0,1,2.16667,0,1,2,0,0,0,0,0,0,1.5,0,0,0,0,0,0,23.25,37.75,0,0,1,0,0,0,0,0,0,0,0,0,0,0,0,0,0,2,0,0,0,0,0,0,0,0,0,0,0,0,0,0,0,0,0,23.4286,0,0,0,0,4.57143,5.42857,0,0,8.66667,0,1.5,1,0,0,0,1,0,0,0,0,0,1.33333,0,1.2,1,1,1.5,0,1,1,0,0,0,0,0,North-eastern Channel
S197,0,0,1,1,0,0,0,0,0,0,1,0,0,0,0,0,0,0,0,0,2,4.4,0,0,0,0,0,0,0,0,0,0,0,2,1,0,0,0,0,5,1,0,0,4,0,0,0,18,0,1,0,0,0,0,0,0,1,10.2857,0,13.4286,0,0,3.16667,18.1429,0,0,2.2,0,1.5,0,0,0,0,1,0,0,0,0,0,0,0,1,0,0,2.8,1,0,1,0,0,1,0,0,North-eastern Channel
S198,0,0,1,2,0,0,0,0,0,0,0,0,0,1,0,0,0,0,0,1,0,12.25,0,0,0,0,0,0,0,0,0,0,0,0,0,0,0,0,0,1,0,0,0,0,0,0,0,0,0,0,0,0,1.75,0,0,0,0,25.7143,0,1,0,0,7.57143,326.143,0,0,10.2857,0,10.8333,0,0,0,0,1.66667,0,0,0,0,0,5.33333,0,2.42857,0,3.5,0,0,0,1,0,0,0,0,0,North-eastern Channel
S199,0,0,3,3,0,0,0,0,0,0,0,0,0,1,0,0,0,0,0,0,11,85.5,0,0,0,0,0,0,0,0,0,0,0,0,0,0,0,0,0,0,0,0,0,0,0,0,0,0,0,0,0,0,1,0,0,0,0,31.4286,0,1,0,0,11.5714,282.286,1,2,14,1,22.2857,1,0,0,0,1,1,0,0,0,0,8.57143,0,3,0,1.6,0,0,0,1,0,0,0,0,0,North-eastern Channel
S200,0,0,1,2.14286,0,1,1.5,0,0,0,0,0,0,1.6,0,0,0,0,0,1,16,25.6667,0,0,0,0,0,0,0,0,0,1,0,0,0,0,0,0,0,0,1,0,0,0,0,0,0,0,0,0,0,0,1.5,0,0,0,0,14.7143,0,0,0,0,2.57143,51,1,1,10,0,4.85714,1,0,0,0,2,0,0,0,0,0,10.4286,0,1,1.5,1,0,0,0,1,0,0,0,0,0,North-eastern Channel
S201,0,0,0,2.25,0,0,0,0,0,0,0,0,0,1,0,1,0,0,0,0,63,50.3333,0,0,0,0,0,0,0,0,0,0,0,1,0,0,0,0,0,0,0,0,0,0,0,0,0,0,0,0,0,0,1.5,0,0,0,0,50.6667,0,2.5,0,0,23.5,362.833,0,0,23.5,2,54.1667,1,0,0,0,1,0,0,0,0,0,3,0,2.83333,0,1,0,0,0,2,0,0,1,0,0,North-eastern Channel
S202,0,0,1,1,0,1,1,0,0,0,1,0,0,0,0,0,0,0,0,0,2.33333,0,0,0,0,0,0,0,0,0,0,0,0,0,0,0,0,0,0,0,1,0,1,0,0,0,0,0,0,0,0,0,3.28571,0,0,0,0,7,0,0,0,0,3.5,28.6667,1.5,2.25,20.8571,0,5.85714,1,0,0,0,1,0,0,0,0,0,6.85714,0,1,2.5,1.66667,0,0,0,1,0,0,0,0,0,North-eastern Channel
S203,0,0,1,2,0,0,1,0,0,0,0,0,0,1,0,1,0,0,0,0,1,10,0,0,1,0,0,0,0,0,0,0,0,0,0,0,0,0,0,0,1,0,0,0,0,0,0,0,0,0,0,0,2.14286,0,0,0,0,27.5714,0,1.5,0,0,14.2857,42.5714,0,1.5,27,1,13.1667,4.33333,0,0,0,2.5,0,0,0,0,0,2.5,0,1.8,1,0,0,0,0,2.33333,0,0,0,0,0,North-eastern Channel
S204,0,0,0,2.66667,0,0,1,0,0,0,0,0,0,0,0,0,0,0,0,1,14.6,4,0,0,0,0,0,0,0,0,0,0,0,0,0,0,0,0,0,0,0,0,0,0,0,0,0,0,0,0,0,0,4.57143,0,0,0,0,29.5714,0,0,0,0,13.1429,38.8571,0,8.57143,37.7143,2.5,72,1,0,0,0,1,0,0,0,0,0,9.14286,0,1,4.25,1,0,0,0,5,0,0,1,0,0,North-eastern Channel
S205,0,0,1,1,0,0,1,0,0,0,0,0,0,0,0,1,0,0,0,1,1,188,0,0,0,0,0,0,0,0,0,0,0,1.5,0,0,0,0,0,0,2,0,0,0,0,0,0,0,0,0,0,0,13.5714,0,0,0,0,54.1429,0,0,0,0,59.5714,140.857,0,2,41,19.3333,129.286,0,0,0,0,3.75,0,0,0,1,0,3.66667,0,2.66667,0,0,0,0,0,17.5,0,0,0,0,0,North-eastern Channel
S206,0,0,0,2,0,0,0,0,0,0,0,0,0,1,0,2,0,0,0,4,39.75,96,0,0,1,0,0,0,0,0,0,0,0,0,0,0,0,0,0,0,0,0,0,0,0,0,0,0,0,0,0,0,8.8,0,0,0,0,148.857,0,0,0,0,55.5714,55.8333,0,8,36,6.5,236,0,0,0,0,0,0,0,0,0,0,0,0,2,0,0,0,0,0,22,0,0,0,0,0,North-eastern Channel
S207,0,0,2,1,0,0,0,0,0,0,0,0,0,0,0,0,0,0,0,0,16,1,0,0,0,0,0,0,0,0,0,0,0,0,0,0,0,0,0,0,0,0,0,0,0,0,0,0,0,0,0,0,0,0,0,0,0,3,0,0,0,0,4,2,0,0,3,0,0,1,0,0,0,1,0,0,0,0,0,0,0,0,4,0,0,0,0,2,0,0,0,0,0,North-eastern Channel
S208,0,0,0,0,0,1,1,0,0,0,0,0,0,0,0,0,0,0,0,0,0,1,0,0,0,0,0,0,0,0,0,0,0,0,0,0,0,0,0,0,0,0,0,0,0,0,0,0,0,0,0,0,0,0,0,0,0,10,0,0,0,0,2,1,0,0,4,0,1,8,0,0,0,0,0,0,0,0,0,0,0,0,1,0,0,0,0,2,0,0,0,0,0,North-eastern Channel
S209,0,0,0,6,0,0,0,0,0,0,0,0,0,0,0,0,0,0,0,8.33333,98,87.75,0,0,0,0,0,0,0,0,0,0,0,0,0,0,0,0,0,0,0,0,0,0,0,0,0,0,0,0,0,0,0,0,0,0,0,25.6667,0,0,0,0,12.4,39,0,0,7.6,10.4,52.2,0,0,0,0,0,0,0,0,0,0,0,0,1.33333,0,0,0,0,0,22,0,0,0,0,0,North-eastern Channel
S210,0,0,0,1.66667,0,0,0,0,0,0,1.75,0,0,0,1,0,0,1,0,0,7.16667,5,0,0,0,0,0,0,0,0,0,0,0,0,0,0,0,0,0,0,2,0,0,0,0,0,0,0,0,1,0,0,2.5,0,0,0,0,3.6,0,0,0,0,5.33333,0,1,0,5.16667,0,10.6,2.83333,0,0,0,1,1,0,0,0,0,0,0,1.33333,1.5,2,0,0,0,1.66667,0,0,1,0,0,North-eastern Channel
